date,sum_stats,brand_1,brand_2,brand_3,brand_4
2014-01-02,187,94,20,32,34
2014-01-03,225,131,30,33,26
2014-01-04,329,153,28,103,36
2014-01-05,183,101,31,22,24
2014-01-06,64,46,6,9,2
2014-01-07,222,147,19,41,3
2014-01-08,148,122,12,10,2
2014-01-09,164,110,26,25,1
2014-01-10,206,151,21,31,0
2014-01-11,363,236,57,62,3
2014-01-12,169,107,10,40,11
2014-01-13,198,153,12,26,6
2014-01-14,210,144,32,23,5
2014-01-15,158,121,20,14,0
2014-01-16,161,98,37,20,1
2014-01-17,196,131,26,32,5
2014-01-18,374,241,65,55,2
2014-01-19,138,97,21,18,1
2014-01-20,163,119,19,16,4
2014-01-21,133,103,14,6,2
2014-01-22,170,120,21,20,1
2014-01-23,157,109,19,26,1
2014-01-24,242,176,25,35,0
2014-01-25,382,254,48,54,23
2014-01-26,161,112,22,15,9
2014-01-27,157,90,17,23,25
2014-01-28,190,123,20,15,20
2014-01-29,183,116,22,24,17
2014-01-30,195,142,23,8,19
2014-01-31,254,173,31,13,29
2014-02-01,398,298,52,13,30
2014-02-02,149,94,26,8,17
2014-02-03,186,140,16,4,24
2014-02-04,176,124,25,7,14
2014-02-05,152,94,27,1,25
2014-02-06,161,108,25,4,17
2014-02-07,254,191,21,12,22
2014-02-08,364,253,40,10,54
2014-02-09,133,103,11,2,15
2014-02-10,155,111,23,4,15
2014-02-11,181,100,38,7,28
2014-02-12,140,88,22,11,12
2014-02-13,103,25,15,33,24
2014-02-14,121,21,31,34,33
2014-02-15,170,37,40,46,38
2014-02-16,85,38,2,22,20
2014-02-17,71,21,19,13,13
2014-02-18,99,31,28,18,16
2014-02-19,96,21,19,31,17
2014-02-20,78,27,21,15,13
2014-02-21,120,25,27,40,23
2014-02-22,239,62,52,64,51
2014-02-23,87,30,23,11,21
2014-02-24,81,16,19,26,19
2014-02-25,103,33,23,24,18
2014-02-26,89,26,15,21,25
2014-02-27,162,94,32,23,11
2014-02-28,247,137,26,32,48
2014-03-01,388,189,66,72,55
2014-03-02,151,77,15,37,14
2014-03-03,116,68,17,23,8
2014-03-04,225,133,14,55,17
2014-03-05,151,65,29,26,25
2014-03-06,222,121,29,29,38
2014-03-07,264,161,25,39,34
2014-03-08,330,180,35,64,42
2014-03-09,128,78,22,16,11
2014-03-10,170,91,24,29,22
2014-03-11,157,96,14,26,18
2014-03-12,140,78,18,17,25
2014-03-13,169,101,27,22,14
2014-03-14,301,157,42,65,26
2014-03-15,377,184,53,70,62
2014-03-16,187,108,25,28,21
2014-03-17,152,103,12,22,11
2014-03-18,178,116,21,13,27
2014-03-19,167,88,25,30,19
2014-03-20,176,85,29,34,18
2014-03-21,306,173,23,46,60
2014-03-22,400,236,53,47,51
2014-03-23,157,87,7,32,28
2014-03-24,204,116,18,30,31
2014-03-25,205,136,22,22,24
2014-03-26,161,90,19,31,14
2014-03-27,208,107,24,42,23
2014-03-28,248,162,30,31,21
2014-03-29,364,232,36,57,31
2014-03-30,141,80,20,25,11
2014-03-31,192,117,21,36,15
2014-04-01,219,123,28,30,29
2014-04-02,158,100,25,30,0
2014-04-03,158,106,30,20,0
2014-04-04,233,175,24,25,0
2014-04-05,373,266,41,49,0
2014-04-06,128,77,15,33,0
2014-04-07,179,117,25,28,0
2014-04-08,170,123,22,20,2
2014-04-09,133,90,25,12,0
2014-04-10,124,39,24,26,29
2014-04-11,154,37,41,38,29
2014-04-12,217,35,44,86,41
2014-04-13,123,42,15,33,28
2014-04-14,115,38,26,21,24
2014-04-15,85,18,25,20,19
2014-04-16,117,31,40,27,17
2014-04-17,113,29,21,27,24
2014-04-18,169,49,33,51,33
2014-04-19,237,60,50,75,45
2014-04-21,80,9,6,49,15
2014-04-22,210,119,30,31,21
2014-04-23,208,106,33,31,29
2014-04-24,259,158,39,29,26
2014-04-25,176,91,26,34,21
2014-04-26,409,241,46,68,44
2014-04-27,130,64,15,20,29
2014-04-28,221,102,21,59,34
2014-04-29,227,128,22,36,34
2014-04-30,259,161,37,56,0
2014-05-02,284,183,28,57,0
2014-05-03,267,180,39,38,0
2014-05-04,155,100,20,33,0
2014-05-05,123,85,21,16,0
2014-05-06,166,111,25,29,0
2014-05-07,213,137,29,36,0
2014-05-08,133,71,19,39,0
2014-05-09,284,194,43,45,0
2014-05-10,341,250,25,54,0
2014-05-11,166,116,25,23,0
2014-05-12,154,113,5,35,0
2014-05-13,192,138,21,33,0
2014-05-14,175,119,29,24,0
2014-05-15,176,129,5,23,19
2014-05-16,286,165,8,82,31
2014-05-17,343,197,18,84,44
2014-05-18,137,82,6,27,22
2014-05-19,169,129,5,10,25
2014-05-20,219,177,10,5,27
2014-05-21,154,107,14,19,14
2014-05-22,144,92,14,7,31
2014-05-23,264,190,14,13,47
2014-05-24,285,204,9,14,58
2014-05-25,123,92,4,11,16
2014-05-26,106,80,7,5,14
2014-05-27,150,101,10,9,30
2014-05-28,146,101,6,9,30
2014-05-29,90,22,21,16,26
2014-05-30,108,36,19,8,43
2014-05-31,134,38,39,17,38
2014-06-01,57,19,11,7,15
2014-06-02,39,15,2,11,9
2014-06-03,112,24,31,20,33
2014-06-04,101,29,13,20,35
2014-06-05,81,19,18,24,20
2014-06-06,129,51,22,27,24
2014-06-07,166,38,27,66,27
2014-06-08,68,13,23,17,13
2014-06-09,108,29,17,31,30
2014-06-10,99,36,20,23,15
2014-06-11,141,42,14,44,37
2014-06-12,118,100,16,1,0
2014-06-13,198,169,15,0,0
2014-06-14,207,163,37,0,0
2014-06-15,111,83,24,0,2
2014-06-16,165,136,28,0,1
2014-06-17,141,118,18,0,0
2014-06-18,131,106,20,1,0
2014-06-19,110,96,13,0,0
2014-06-20,183,152,23,0,1
2014-06-21,285,252,27,0,0
2014-06-22,125,85,30,0,4
2014-06-23,133,106,17,0,4
2014-06-24,158,130,18,0,0
2014-06-25,187,143,37,0,0
2014-06-26,183,106,16,25,32
2014-06-27,228,128,25,24,50
2014-06-28,314,191,25,53,35
2014-06-29,178,126,18,20,13
2014-06-30,154,80,21,22,24
2014-07-01,219,131,33,25,29
2014-07-02,158,108,6,20,9
2014-07-03,189,129,14,20,26
2014-07-04,248,155,24,39,30
2014-07-05,262,162,24,49,27
2014-07-06,113,69,19,9,16
2014-07-07,183,97,23,31,31
2014-07-08,168,92,24,25,23
2014-07-09,183,112,14,25,32
2014-07-10,170,113,18,34,0
2014-07-11,155,112,18,23,0
2014-07-12,238,170,27,33,0
2014-07-13,122,80,12,28,0
2014-07-14,158,89,39,26,0
2014-07-15,86,69,12,5,0
2014-07-16,137,93,26,14,0
2014-07-17,125,85,15,22,0
2014-07-18,195,135,12,43,0
2014-07-19,182,126,29,25,0
2014-07-20,95,70,7,16,0
2014-07-21,210,132,22,45,0
2014-07-22,120,89,20,11,0
2014-07-23,43,12,13,18,0
2014-07-24,49,2,11,21,15
2014-07-25,90,10,34,33,13
2014-07-26,118,8,37,47,26
2014-07-27,38,4,11,18,5
2014-07-28,80,24,9,30,17
2014-07-29,75,6,14,41,14
2014-07-30,71,2,28,15,26
2014-07-31,52,3,16,13,20
2014-08-01,97,3,23,46,25
2014-08-02,102,8,30,34,30
2014-08-03,53,7,14,26,6
2014-08-04,95,38,12,30,15
2014-08-05,43,3,8,23,9
2014-08-06,59,11,13,15,20
2014-08-07,73,2,47,2,22
2014-08-08,36,0,24,0,12
2014-08-09,45,2,24,0,19
2014-08-10,32,1,21,2,8
2014-08-11,24,0,9,1,14
2014-08-12,31,0,8,0,23
2014-08-13,25,2,8,0,15
2014-08-14,30,1,13,3,13
2014-08-16,42,0,25,3,14
2014-08-17,25,0,8,9,8
2014-08-18,35,0,15,0,20
2014-08-19,37,5,14,0,18
2014-08-20,25,0,16,1,8
2014-08-21,30,4,16,10,0
2014-08-22,31,4,20,7,0
2014-08-23,59,17,29,13,0
2014-08-24,43,11,18,14,0
2014-08-25,48,9,19,20,0
2014-08-26,34,6,18,10,0
2014-08-27,61,14,31,16,0
2014-08-28,63,3,28,32,0
2014-08-29,46,11,8,27,0
2014-08-30,75,11,27,37,0
2014-08-31,59,18,13,28,0
2014-09-01,162,112,25,21,0
2014-09-02,169,101,10,56,0
2014-09-03,173,135,16,19,0
2014-09-04,180,114,21,13,26
2014-09-05,210,120,23,25,39
2014-09-06,351,212,42,44,47
2014-09-07,106,59,12,27,8
2014-09-08,148,91,10,20,23
2014-09-09,199,125,18,41,10
2014-09-10,154,90,7,31,25
2014-09-11,231,145,26,35,21
2014-09-12,213,121,25,38,27
2014-09-13,296,145,33,61,53
2014-09-14,129,84,16,23,6
2014-09-15,210,113,35,30,29
2014-09-16,227,137,27,27,25
2014-09-17,161,92,18,34,17
2014-09-18,241,123,9,41,65
2014-09-19,246,152,8,36,42
2014-09-20,341,252,4,59,21
2014-09-21,117,72,6,20,16
2014-09-22,228,144,8,50,21
2014-09-23,184,107,9,45,21
2014-09-24,195,132,2,36,22
2014-09-25,180,133,1,20,17
2014-09-26,248,153,7,53,21
2014-09-27,362,199,7,85,60
2014-09-28,120,81,7,22,8
2014-09-29,195,120,6,38,27
2014-09-30,199,143,9,18,16
2014-10-01,180,139,2,22,12
2014-10-02,131,45,25,28,31
2014-10-03,158,49,40,33,27
2014-10-04,247,85,65,60,29
2014-10-05,85,29,24,29,3
2014-10-06,110,39,19,35,12
2014-10-07,165,78,22,35,29
2014-10-08,92,40,16,11,21
2014-10-09,123,51,22,33,12
2014-10-10,127,56,14,34,21
2014-10-11,209,62,43,58,37
2014-10-12,108,28,22,35,20
2014-10-13,128,39,25,33,28
2014-10-14,170,69,23,38,27
2014-10-15,137,58,23,32,15
2014-10-16,171,122,21,8,14
2014-10-17,189,131,21,17,12
2014-10-18,265,177,48,13,22
2014-10-19,94,59,16,4,14
2014-10-20,132,83,16,9,23
2014-10-21,151,88,15,23,20
2014-10-22,163,85,25,23,25
2014-10-23,160,107,21,7,24
2014-10-24,232,162,28,9,29
2014-10-25,264,172,35,10,39
2014-10-26,147,111,11,9,16
2014-10-27,156,86,33,9,20
2014-10-28,148,99,18,7,15
2014-10-29,170,91,29,15,33
2014-10-30,142,98,20,20,0
2014-10-31,189,127,36,22,0
2014-11-01,141,96,27,14,0
2014-11-02,110,71,15,19,0
2014-11-03,153,104,21,27,0
2014-11-04,151,100,27,17,0
2014-11-05,152,97,21,32,0
2014-11-06,135,71,19,35,0
2014-11-07,220,122,52,44,0
2014-11-08,271,181,46,41,0
2014-11-09,82,40,17,25,0
2014-11-10,117,72,29,15,0
2014-11-11,124,82,19,14,0
2014-11-12,152,110,17,21,0
2014-11-13,149,93,27,15,14
2014-11-14,220,144,20,36,20
2014-11-15,230,129,30,41,30
2014-11-16,138,75,21,29,13
2014-11-17,111,66,18,11,16
2014-11-18,114,63,9,23,19
2014-11-19,134,71,32,20,11
2014-11-20,156,89,22,17,28
2014-11-21,202,117,23,42,20
2014-11-22,263,123,49,54,37
2014-11-23,154,84,16,30,21
2014-11-24,129,71,20,21,14
2014-11-25,183,99,27,28,27
2014-11-26,160,93,14,10,42
2014-11-27,194,133,21,19,16
2014-11-28,217,149,30,5,30
2014-11-29,332,225,39,13,49
2014-11-30,141,99,16,11,13
2014-12-01,160,104,17,11,25
2014-12-02,171,123,19,4,21
2014-12-03,207,142,38,6,19
2014-12-04,194,134,30,8,21
2014-12-05,239,141,35,19,39
2014-12-06,313,220,41,8,36
2014-12-07,174,97,22,18,34
2014-12-08,112,75,23,4,9
2014-12-09,163,108,21,3,29
2014-12-10,178,121,33,8,16
2014-12-11,227,144,23,9,51
2014-12-12,233,171,39,3,20
2014-12-13,304,214,39,12,39
2014-12-14,136,61,19,21,31
2014-12-15,80,17,29,26,0
2014-12-16,75,27,29,14,0
2014-12-17,81,36,20,22,0
2014-12-18,76,21,25,23,1
2014-12-19,88,26,16,40,0
2014-12-20,135,40,35,56,1
2014-12-21,109,18,21,65,1
2014-12-22,115,26,40,41,0
2014-12-23,146,35,38,56,0
2014-12-24,136,35,19,77,0
2014-12-26,84,34,14,31,1
2014-12-27,213,142,30,39,1
2014-12-28,156,102,17,34,0
2014-12-29,246,167,29,45,1
2014-12-30,247,160,25,51,2
2014-12-31,245,167,21,53,0
2015-01-02,225,150,11,20,36
2015-01-03,256,169,5,52,23
2015-01-04,172,100,6,44,18
2015-01-05,290,176,5,57,42
2015-01-06,74,56,1,7,9
2015-01-07,178,105,3,35,31
2015-01-08,160,117,2,18,19
2015-01-09,249,160,8,48,31
2015-01-10,391,270,12,55,43
2015-01-11,130,77,6,22,20
2015-01-12,128,95,9,21,1
2015-01-13,158,117,2,26,1
2015-01-14,168,121,5,35,5
2015-01-15,152,124,10,10,1
2015-01-16,147,106,8,28,0
2015-01-17,219,158,11,35,7
2015-01-18,67,37,4,19,2
2015-01-19,182,133,22,24,0
2015-01-20,187,139,6,30,0
2015-01-21,152,111,7,29,3
2015-01-22,136,101,5,27,0
2015-01-23,160,121,9,26,1
2015-01-24,278,215,6,51,1
2015-01-25,124,90,2,26,1
2015-01-26,121,60,8,35,8
2015-01-27,155,104,3,27,18
2015-01-28,187,133,4,20,28
2015-01-29,90,24,2,39,24
2015-01-30,106,32,4,43,26
2015-01-31,154,58,14,49,28
2015-02-01,59,27,2,18,12
2015-02-02,73,27,5,12,22
2015-02-03,157,65,5,43,28
2015-02-04,110,46,6,37,21
2015-02-05,80,34,7,26,12
2015-02-06,106,42,5,29,30
2015-02-07,179,52,16,60,46
2015-02-08,42,19,4,10,8
2015-02-09,87,26,7,33,13
2015-02-10,96,40,11,25,15
2015-02-11,115,29,2,49,33
2015-02-12,158,115,7,34,0
2015-02-13,165,145,2,12,0
2015-02-14,276,195,16,56,0
2015-02-15,125,80,18,26,0
2015-02-16,145,74,5,60,0
2015-02-17,137,92,5,31,0
2015-02-18,120,100,5,11,0
2015-02-19,158,116,12,28,0
2015-02-20,200,157,4,33,0
2015-02-21,285,200,35,42,0
2015-02-22,96,69,5,18,0
2015-02-23,94,78,5,9,0
2015-02-24,111,79,5,26,0
2015-02-25,133,105,1,22,0
2015-02-26,145,93,4,25,22
2015-02-27,193,116,5,45,24
2015-02-28,276,170,19,54,30
2015-03-01,117,73,3,26,13
2015-03-02,139,104,5,17,13
2015-03-03,142,92,8,22,14
2015-03-04,189,118,6,37,20
2015-03-05,151,91,3,32,22
2015-03-06,230,142,7,47,32
2015-03-07,352,232,20,59,33
2015-03-08,149,56,6,60,26
2015-03-09,151,112,9,14,12
2015-03-10,172,94,4,50,21
2015-03-11,190,137,9,20,23
2015-03-12,173,110,6,28,22
2015-03-13,226,145,9,39,31
2015-03-14,273,173,7,41,38
2015-03-15,145,93,3,19,27
2015-03-16,118,75,4,21,17
2015-03-17,142,87,8,33,10
2015-03-18,159,104,5,28,18
2015-03-19,156,106,4,23,22
2015-03-20,169,106,6,29,26
2015-03-21,293,199,5,52,33
2015-03-22,138,79,9,25,22
2015-03-23,133,80,7,23,15
2015-03-24,129,67,6,36,15
2015-03-25,113,59,5,29,15
2015-03-26,83,29,7,25,15
2015-03-27,123,46,3,39,30
2015-03-28,146,33,11,53,45
2015-03-29,76,12,2,29,33
2015-03-30,83,38,2,22,16
2015-03-31,109,22,16,34,28
2015-04-01,109,35,3,39,30
2015-04-02,124,46,4,32,35
2015-04-03,184,49,17,70,36
2015-04-04,155,36,5,71,39
2015-04-06,54,24,3,17,9
2015-04-07,191,126,11,31,18
2015-04-08,141,86,2,23,28
2015-04-09,175,115,3,31,24
2015-04-10,205,126,1,37,36
2015-04-11,278,172,10,49,42
2015-04-12,76,41,3,17,13
2015-04-13,172,130,10,9,17
2015-04-14,208,148,2,32,19
2015-04-15,202,116,7,51,23
2015-04-16,210,146,3,39,21
2015-04-17,256,161,5,48,36
2015-04-18,346,242,1,55,43
2015-04-19,160,97,3,38,21
2015-04-20,146,90,0,24,29
2015-04-21,201,142,2,20,28
2015-04-22,145,88,5,24,28
2015-04-23,161,97,2,24,38
2015-04-24,235,122,4,57,52
2015-04-25,188,127,3,32,26
2015-04-26,100,68,0,26,6
2015-04-27,130,92,4,11,23
2015-04-28,160,120,0,27,13
2015-04-29,177,106,1,27,43
2015-04-30,244,164,9,56,0
2015-05-02,262,213,10,36,0
2015-05-03,102,80,3,19,0
2015-05-04,141,108,5,18,0
2015-05-05,165,138,1,21,0
2015-05-06,140,121,1,17,0
2015-05-07,100,80,0,15,0
2015-05-08,191,141,0,38,0
2015-05-09,217,181,4,26,0
2015-05-10,78,64,3,7,0
2015-05-11,168,131,4,25,0
2015-05-12,88,73,0,10,0
2015-05-13,112,84,1,19,0
2015-05-14,75,21,2,35,12
2015-05-15,130,51,11,43,23
2015-05-16,125,38,10,53,20
2015-05-17,44,14,4,19,7
2015-05-18,76,26,1,25,18
2015-05-19,95,27,2,35,31
2015-05-20,86,24,4,27,30
2015-05-21,81,22,2,40,16
2015-05-22,146,47,8,47,36
2015-05-23,162,44,4,69,41
2015-05-24,68,27,1,21,16
2015-05-25,54,11,7,18,15
2015-05-26,92,39,5,21,25
2015-05-27,102,22,1,43,31
2015-05-28,124,71,12,7,23
2015-05-29,149,119,6,1,20
2015-05-30,174,139,6,1,23
2015-05-31,37,20,1,3,13
2015-06-01,124,86,8,2,23
2015-06-02,99,62,3,3,27
2015-06-03,174,149,4,2,17
2015-06-04,117,78,7,11,15
2015-06-05,146,115,3,3,22
2015-06-06,227,171,13,3,35
2015-06-07,79,63,2,1,10
2015-06-08,107,73,3,10,15
2015-06-09,127,77,6,13,25
2015-06-10,109,85,2,5,13
2015-06-11,150,106,6,19,18
2015-06-12,151,80,7,39,25
2015-06-13,239,124,18,50,44
2015-06-14,99,61,1,23,12
2015-06-15,109,63,6,16,17
2015-06-16,166,93,4,30,38
2015-06-17,147,107,1,22,16
2015-06-18,133,73,2,43,12
2015-06-19,175,104,10,27,26
2015-06-20,241,154,6,48,32
2015-06-21,124,70,4,34,16
2015-06-22,151,82,8,40,19
2015-06-23,130,87,4,29,6
2015-06-24,181,92,2,47,35
2015-06-25,113,63,4,27,17
2015-06-26,168,111,8,21,24
2015-06-27,234,143,10,43,32
2015-06-28,103,71,1,15,16
2015-06-29,144,67,1,31,41
2015-06-30,121,92,0,17,12
2015-07-01,196,120,4,35,31
2015-07-02,145,87,4,21,25
2015-07-03,143,89,2,21,28
2015-07-04,168,104,4,33,24
2015-07-05,64,48,4,5,7
2015-07-06,125,85,1,31,8
2015-07-07,159,111,7,20,21
2015-07-08,108,56,1,27,22
2015-07-09,182,123,7,27,17
2015-07-10,197,110,1,61,22
2015-07-11,230,138,5,55,30
2015-07-12,151,122,1,19,8
2015-07-13,158,89,4,46,14
2015-07-14,221,123,1,57,36
2015-07-15,143,110,2,14,12
2015-07-16,115,89,4,12,6
2015-07-17,194,122,4,34,32
2015-07-18,268,184,10,48,18
2015-07-19,77,49,3,19,6
2015-07-20,127,90,7,19,9
2015-07-21,130,79,1,32,12
2015-07-22,155,110,4,24,15
2015-07-23,144,111,6,1,21
2015-07-24,162,135,2,4,18
2015-07-25,151,111,7,4,25
2015-07-26,85,71,4,0,8
2015-07-27,169,116,17,5,23
2015-07-28,107,79,1,2,23
2015-07-29,127,88,2,13,15
2015-07-30,130,95,5,3,25
2015-07-31,134,105,3,9,13
2015-08-01,276,204,21,2,38
2015-08-02,93,77,1,1,13
2015-08-03,106,81,2,9,14
2015-08-04,120,93,5,1,14
2015-08-05,127,107,1,3,12
2015-08-06,119,92,8,13,0
2015-08-07,121,99,1,16,0
2015-08-08,168,129,8,28,0
2015-08-09,52,38,3,6,0
2015-08-10,103,80,3,19,0
2015-08-11,101,88,5,8,0
2015-08-12,116,84,9,20,0
2015-08-13,108,89,2,12,0
2015-08-14,184,146,8,29,0
2015-08-16,69,42,3,20,0
2015-08-17,104,87,7,5,0
2015-08-18,90,77,1,8,0
2015-08-19,80,63,7,8,0
2015-08-20,43,13,1,11,16
2015-08-21,58,22,2,14,17
2015-08-22,62,32,4,6,18
2015-08-23,37,14,0,10,9
2015-08-24,59,27,8,4,17
2015-08-25,64,30,1,10,23
2015-08-26,65,35,8,12,7
2015-08-27,51,27,2,7,15
2015-08-28,68,33,0,6,28
2015-08-29,83,37,7,25,9
2015-08-30,40,22,0,1,17
2015-08-31,66,21,12,25,2
2015-09-01,82,31,3,40,0
2015-09-02,92,36,3,43,2
2015-09-03,130,99,3,25,0
2015-09-04,121,94,7,19,0
2015-09-05,264,200,9,51,0
2015-09-06,112,68,2,41,1
2015-09-07,158,114,6,31,1
2015-09-08,122,99,3,13,1
2015-09-09,118,83,5,26,3
2015-09-10,111,83,10,12,5
2015-09-11,126,98,4,23,1
2015-09-12,241,189,7,41,0
2015-09-13,138,94,9,33,1
2015-09-14,161,113,8,33,3
2015-09-15,114,77,4,29,0
2015-09-16,147,96,7,30,9
2015-09-17,157,117,6,28,0
2015-09-18,206,171,2,30,1
2015-09-19,257,182,10,59,0
2015-09-20,143,91,7,31,7
2015-09-21,168,121,10,26,8
2015-09-22,186,112,9,32,28
2015-09-23,210,121,1,45,40
2015-09-24,167,113,1,34,14
2015-09-25,225,151,6,25,37
2015-09-26,239,170,3,33,22
2015-09-27,136,85,6,21,24
2015-09-28,143,90,7,40,6
2015-09-29,165,117,8,13,25
2015-09-30,161,102,5,28,13
2015-10-01,96,38,6,21,28
2015-10-02,98,46,2,29,19
2015-10-03,189,61,7,71,44
2015-10-04,73,10,2,38,20
2015-10-05,103,29,7,27,33
2015-10-06,68,30,3,17,16
2015-10-07,96,21,9,45,19
2015-10-08,72,18,0,31,19
2015-10-09,98,41,4,35,17
2015-10-10,125,34,3,50,36
2015-10-11,72,16,1,34,21
2015-10-12,60,23,6,22,7
2015-10-13,68,36,0,19,12
2015-10-14,69,18,1,31,18
2015-10-15,100,69,2,25,0
2015-10-16,170,136,5,26,0
2015-10-17,256,198,11,40,0
2015-10-18,119,96,4,19,0
2015-10-19,138,86,11,31,3
2015-10-20,134,103,4,23,0
2015-10-21,139,107,1,28,0
2015-10-22,115,91,4,16,0
2015-10-23,185,141,4,37,0
2015-10-24,259,194,8,48,0
2015-10-25,111,85,8,10,1
2015-10-26,116,95,7,12,0
2015-10-27,151,101,7,35,0
2015-10-28,127,101,1,20,0
2015-10-29,101,76,5,0,18
2015-10-30,129,98,4,1,19
2015-10-31,213,170,9,6,25
2015-11-01,108,69,4,6,27
2015-11-02,170,137,4,5,23
2015-11-03,116,87,4,0,11
2015-11-04,112,92,3,2,15
2015-11-05,89,66,1,1,21
2015-11-06,125,86,1,20,18
2015-11-07,153,126,1,3,23
2015-11-08,76,55,1,0,20
2015-11-09,115,85,5,6,19
2015-11-10,101,75,3,0,23
2015-11-11,97,65,1,3,28
2015-11-12,85,52,9,20,0
2015-11-13,195,153,5,33,0
2015-11-14,248,169,10,65,0
2015-11-15,145,118,3,23,0
2015-11-16,109,81,12,16,0
2015-11-17,141,107,5,27,0
2015-11-18,135,95,8,28,0
2015-11-19,159,121,3,29,1
2015-11-20,181,142,5,32,1
2015-11-21,246,181,7,42,0
2015-11-22,96,77,2,13,1
2015-11-23,116,77,10,25,0
2015-11-24,142,109,7,23,2
2015-11-25,145,122,10,11,0
2015-11-26,137,94,2,25,16
2015-11-27,213,134,6,44,26
2015-11-28,285,188,10,33,40
2015-11-29,109,67,2,21,18
2015-11-30,140,100,5,17,17
2015-12-01,177,128,5,16,19
2015-12-02,161,85,2,35,35
2015-12-03,160,130,3,21,0
2015-12-04,212,146,4,58,0
2015-12-05,278,191,9,75,0
2015-12-06,145,119,2,23,0
2015-12-07,180,136,4,38,0
2015-12-08,89,69,2,18,0
2015-12-09,104,81,1,21,0
2015-12-10,141,120,3,15,0
2015-12-11,200,150,4,41,0
2015-12-12,139,60,10,65,0
2015-12-13,62,28,4,20,9
2015-12-14,75,35,10,15,11
2015-12-15,54,16,3,21,13
2015-12-16,90,39,5,31,10
2015-12-17,121,34,18,26,43
2015-12-18,97,34,1,35,25
2015-12-19,165,52,17,59,28
2015-12-20,96,40,2,38,15
2015-12-21,95,46,1,21,23
2015-12-22,96,20,4,37,24
2015-12-23,168,48,4,86,23
2015-12-24,166,54,0,62,48
2015-12-26,138,35,0,50,49
2015-12-27,111,32,5,41,29
2015-12-28,233,131,14,50,35
2015-12-29,243,123,8,75,30
2015-12-30,350,242,5,66,30
2015-12-31,260,176,4,47,30
2016-01-02,307,183,17,72,30
2016-01-03,115,66,2,24,19
2016-01-04,223,135,10,46,25
2016-01-05,236,163,5,33,33
2016-01-06,97,66,5,18,8
2016-01-07,152,112,4,20,16
2016-01-08,243,162,2,41,28
2016-01-09,370,273,6,65,25
2016-01-10,146,95,0,36,13
2016-01-11,207,163,2,22,16
2016-01-12,185,132,3,25,22
2016-01-13,163,120,1,15,25
2016-01-14,153,117,0,30,3
2016-01-15,237,170,1,42,19
2016-01-16,342,231,5,75,26
2016-01-17,150,112,2,25,9
2016-01-18,178,116,4,35,18
2016-01-19,179,120,2,26,24
2016-01-20,191,150,5,15,15
2016-01-21,89,40,4,26,16
2016-01-22,112,43,1,44,19
2016-01-23,191,78,13,60,37
2016-01-24,96,28,12,44,11
2016-01-25,94,41,11,22,18
2016-01-26,74,29,5,18,21
2016-01-27,115,44,5,32,33
2016-01-28,84,33,10,25,12
2016-01-29,124,51,7,39,25
2016-01-30,169,64,11,59,32
2016-01-31,98,44,6,35,12
2016-02-01,108,53,2,36,15
2016-02-02,154,67,9,40,33
2016-02-03,88,33,2,24,28
2016-02-04,130,104,2,7,9
2016-02-05,190,158,7,3,22
2016-02-06,246,181,11,14,29
2016-02-07,125,103,3,3,15
2016-02-08,135,103,5,10,15
2016-02-09,93,70,0,4,19
2016-02-10,139,97,1,9,25
2016-02-11,109,81,10,3,13
2016-02-12,156,126,2,9,16
2016-02-13,283,224,7,6,41
2016-02-14,110,87,4,5,14
2016-02-15,141,109,10,2,16
2016-02-16,110,88,1,9,11
2016-02-17,130,100,13,4,12
2016-02-18,128,93,8,18,5
2016-02-19,190,123,2,26,31
2016-02-20,293,179,6,67,36
2016-02-21,123,79,1,23,19
2016-02-22,120,95,4,12,8
2016-02-23,160,105,4,34,14
2016-02-24,130,97,2,16,14
2016-02-25,148,108,6,16,12
2016-02-26,229,162,5,33,28
2016-02-27,296,176,5,73,36
2016-02-28,137,81,4,34,14
2016-02-29,158,110,6,31,11
2016-03-01,147,110,2,16,15
2016-03-02,125,92,3,18,8
2016-03-03,134,105,3,24,0
2016-03-04,180,148,2,27,0
2016-03-05,290,233,8,43,0
2016-03-06,125,102,11,11,0
2016-03-07,147,122,5,12,0
2016-03-08,117,93,3,21,0
2016-03-09,120,92,7,19,0
2016-03-10,126,102,1,16,0
2016-03-11,229,185,13,27,0
2016-03-12,303,219,11,60,0
2016-03-13,133,75,2,38,16
2016-03-14,109,73,10,13,9
2016-03-15,172,125,3,24,16
2016-03-16,130,78,2,30,15
2016-03-17,72,29,1,19,20
2016-03-18,81,19,4,17,33
2016-03-19,124,49,8,24,34
2016-03-20,62,25,2,26,7
2016-03-21,94,26,15,38,11
2016-03-22,98,41,13,18,22
2016-03-23,67,24,6,23,12
2016-03-24,85,36,2,28,17
2016-03-25,159,70,8,42,31
2016-03-26,138,62,5,42,23
2016-03-28,77,34,9,18,15
2016-03-29,145,95,6,20,22
2016-03-30,133,95,3,20,8
2016-03-31,148,126,3,13,5
2016-04-01,247,143,7,63,29
2016-04-02,298,205,10,40,39
2016-04-03,116,76,2,25,10
2016-04-04,157,93,18,23,20
2016-04-05,202,123,8,33,34
2016-04-06,167,119,1,31,12
2016-04-07,145,99,6,30,8
2016-04-08,259,170,7,23,55
2016-04-09,325,207,12,67,33
2016-04-10,140,86,2,23,26
2016-04-11,168,110,4,21,31
2016-04-12,164,108,7,27,17
2016-04-13,156,107,8,22,11
2016-04-14,167,130,5,23,6
2016-04-15,237,166,5,27,30
2016-04-16,321,217,3,53,30
2016-04-17,158,96,3,38,20
2016-04-18,175,101,8,28,38
2016-04-19,167,87,13,26,36
2016-04-20,129,79,1,23,24
2016-04-21,108,81,1,2,19
2016-04-22,203,162,4,7,24
2016-04-23,276,199,11,5,59
2016-04-24,133,93,1,2,32
2016-04-25,88,64,1,3,19
2016-04-26,101,81,2,1,15
2016-04-27,133,108,1,0,22
2016-04-28,136,117,3,1,14
2016-04-29,139,117,3,3,13
2016-04-30,220,175,6,6,27
2016-05-02,184,148,8,2,24
2016-05-03,134,89,8,0,36
2016-05-04,171,134,6,0,28
2016-05-05,86,44,13,23,5
2016-05-06,118,24,6,31,56
2016-05-07,145,45,4,46,46
2016-05-08,92,39,6,36,11
2016-05-09,84,25,6,15,34
2016-05-10,71,35,3,21,10
2016-05-11,80,32,2,20,25
2016-05-12,79,38,3,15,19
2016-05-13,118,41,6,31,38
2016-05-14,150,61,9,45,33
2016-05-15,65,22,8,21,14
2016-05-16,88,26,6,26,27
2016-05-17,58,16,8,18,15
2016-05-18,87,28,2,35,22
2016-05-19,169,111,7,26,18
2016-05-20,220,133,10,50,23
2016-05-21,261,174,9,46,22
2016-05-22,117,62,4,37,12
2016-05-23,153,88,6,46,11
2016-05-24,156,99,2,39,14
2016-05-25,115,71,11,18,13
2016-05-26,158,112,3,20,22
2016-05-27,191,125,4,38,21
2016-05-28,278,194,8,30,41
2016-05-29,93,59,1,25,7
2016-05-30,207,135,8,42,17
2016-05-31,181,110,2,46,20
2016-06-01,178,101,5,47,25
2016-06-02,158,91,9,32,26
2016-06-03,225,155,8,27,35
2016-06-04,184,118,6,31,29
2016-06-05,94,59,0,16,19
2016-06-06,101,46,2,31,22
2016-06-07,169,86,9,40,34
2016-06-08,116,79,1,22,14
2016-06-09,121,71,1,35,14
2016-06-10,204,155,2,21,26
2016-06-11,380,246,6,63,43
2016-06-12,136,86,4,23,16
2016-06-13,194,106,10,32,33
2016-06-14,176,120,3,26,19
2016-06-15,101,53,4,32,10
2016-06-16,183,114,8,40,16
2016-06-17,254,160,8,68,16
2016-06-18,290,195,6,44,36
2016-06-19,147,97,1,34,14
2016-06-20,180,98,3,42,35
2016-06-21,109,77,1,9,19
2016-06-22,125,82,7,20,12
2016-06-23,144,92,0,36,12
2016-06-24,245,140,6,48,47
2016-06-25,236,154,5,43,27
2016-06-26,79,47,1,18,12
2016-06-27,148,111,10,9,13
2016-06-28,141,108,1,20,10
2016-06-29,134,81,0,20,29
2016-06-30,136,112,5,12,0
2016-07-01,240,189,0,48,0
2016-07-02,184,141,4,36,0
2016-07-03,68,46,8,14,0
2016-07-04,101,78,5,16,0
2016-07-05,86,68,0,17,0
2016-07-06,96,81,1,11,0
2016-07-07,122,87,6,22,0
2016-07-08,148,116,3,26,0
2016-07-09,179,144,4,26,0
2016-07-10,103,69,2,27,0
2016-07-11,131,110,0,17,1
2016-07-12,126,94,2,30,0
2016-07-13,102,90,1,9,0
2016-07-14,62,32,9,17,4
2016-07-15,103,43,0,25,33
2016-07-16,112,33,7,39,32
2016-07-17,39,20,1,12,4
2016-07-18,86,45,1,26,14
2016-07-19,78,21,3,20,31
2016-07-20,75,35,4,14,19
2016-07-21,85,29,3,21,29
2016-07-22,85,46,2,12,25
2016-07-23,132,39,12,40,38
2016-07-24,58,27,5,15,11
2016-07-25,71,32,0,13,16
2016-07-26,63,25,2,25,11
2016-07-27,77,14,2,26,26
2016-07-28,173,129,9,11,22
2016-07-29,207,165,3,9,19
2016-07-30,290,225,6,9,49
2016-07-31,119,106,3,2,6
2016-08-01,146,126,3,4,11
2016-08-02,163,127,2,14,19
2016-08-03,104,77,12,7,6
2016-08-04,132,108,2,3,14
2016-08-05,189,152,1,7,26
2016-08-06,203,171,4,1,23
2016-08-07,109,90,0,3,12
2016-08-08,206,170,8,5,20
2016-08-09,151,118,5,3,23
2016-08-10,132,110,6,0,7
2016-08-11,155,121,2,16,16
2016-08-12,193,151,5,27,10
2016-08-13,195,134,1,51,9
2016-08-14,172,110,5,26,31
2016-08-16,144,110,7,13,14
2016-08-17,133,94,0,15,24
2016-08-18,145,106,1,25,13
2016-08-19,161,103,0,37,21
2016-08-20,165,119,6,26,14
2016-08-21,111,66,3,16,26
2016-08-22,149,89,10,25,25
2016-08-23,128,90,5,11,22
2016-08-24,152,104,2,30,16
2016-08-25,142,109,1,13,18
2016-08-26,161,127,3,12,18
2016-08-27,178,124,0,34,16
2016-08-28,122,66,8,30,15
2016-08-29,182,89,0,44,46
2016-08-30,172,111,4,41,14
2016-08-31,130,85,2,26,16
2016-09-01,98,76,3,18,0
2016-09-02,176,133,2,38,0
2016-09-03,249,212,5,31,0
2016-09-04,102,70,5,26,0
2016-09-05,106,95,3,0,0
2016-09-06,132,120,9,0,0
2016-09-07,93,90,0,1,0
2016-09-08,88,70,6,0,9
2016-09-09,140,119,1,3,16
2016-09-10,213,172,2,3,26
2016-09-11,91,66,0,2,23
2016-09-12,125,93,6,1,21
2016-09-13,130,106,3,2,14
2016-09-14,149,127,3,2,15
2016-09-15,188,120,5,4,56
2016-09-16,166,126,0,9,29
2016-09-17,288,205,11,5,60
2016-09-18,130,99,9,0,17
2016-09-19,137,87,1,30,15
2016-09-20,133,100,2,17,11
2016-09-21,106,68,4,13,20
2016-09-22,62,14,2,25,16
2016-09-23,105,26,0,33,45
2016-09-24,95,24,5,36,28
2016-09-25,47,7,2,20,17
2016-09-26,56,9,1,25,19
2016-09-27,49,22,0,18,8
2016-09-28,73,7,7,33,22
2016-09-29,54,9,3,27,13
2016-09-30,102,26,5,40,30
2016-10-01,196,74,6,64,48
2016-10-02,74,27,7,26,13
2016-10-03,112,44,14,23,18
2016-10-04,98,62,1,24,10
2016-10-05,100,35,4,37,22
2016-10-06,137,99,9,11,18
2016-10-07,173,140,3,2,28
2016-10-08,298,242,14,15,27
2016-10-09,86,76,3,1,6
2016-10-10,144,122,4,2,16
2016-10-11,133,98,5,1,29
2016-10-12,117,95,7,4,11
2016-10-13,132,113,4,2,13
2016-10-14,207,146,4,12,45
2016-10-15,267,202,12,11,42
2016-10-16,99,83,7,5,4
2016-10-17,158,124,3,18,13
2016-10-18,160,134,6,2,18
2016-10-19,138,108,4,3,23
2016-10-20,154,123,2,17,9
2016-10-21,244,199,2,27,11
2016-10-22,257,173,2,43,33
2016-10-23,129,81,1,20,25
2016-10-24,115,76,8,19,11
2016-10-25,134,94,0,21,18
2016-10-26,113,78,2,13,15
2016-10-27,127,84,3,24,14
2016-10-28,202,156,4,21,16
2016-10-29,317,219,8,32,52
2016-10-30,120,84,3,13,16
2016-10-31,197,139,1,38,18
2016-11-01,118,79,4,18,14
2016-11-02,186,123,1,41,20
2016-11-03,176,114,6,30,18
2016-11-04,259,180,4,42,29
2016-11-05,302,201,4,53,38
2016-11-06,147,102,7,17,20
2016-11-07,180,142,8,11,19
2016-11-08,194,132,4,24,16
2016-11-09,98,64,3,12,19
2016-11-10,130,85,3,22,20
2016-11-11,196,126,6,37,27
2016-11-12,279,191,7,57,24
2016-11-13,114,77,2,20,15
2016-11-14,152,109,4,22,17
2016-11-15,117,92,2,16,7
2016-11-16,120,81,3,22,14
2016-11-17,170,104,6,33,21
2016-11-18,177,106,2,41,23
2016-11-19,297,180,4,65,38
2016-11-20,125,73,1,23,27
2016-11-21,119,62,4,25,25
2016-11-22,134,88,2,17,21
2016-11-23,103,65,1,25,11
2016-11-24,149,93,9,17,25
2016-11-25,194,147,4,20,15
2016-11-26,248,167,8,42,27
2016-11-27,99,70,0,21,8
2016-11-28,136,83,7,26,19
2016-11-29,148,86,4,20,36
2016-11-30,138,92,6,18,16
2016-12-01,158,134,3,17,0
2016-12-02,192,136,5,46,0
2016-12-03,322,248,3,60,0
2016-12-04,120,96,4,18,0
2016-12-05,201,167,1,29,0
2016-12-06,131,109,4,16,0
2016-12-07,151,122,6,19,0
2016-12-08,144,106,3,31,0
2016-12-09,231,176,9,44,0
2016-12-10,290,227,6,50,0
2016-12-11,61,29,6,17,6
2016-12-12,69,21,10,26,8
2016-12-13,83,29,2,29,17
2016-12-14,87,32,6,34,15
2016-12-15,105,48,3,40,14
2016-12-16,105,43,4,29,29
2016-12-17,202,86,4,68,36
2016-12-18,74,28,5,24,11
2016-12-19,115,49,13,24,26
2016-12-20,103,38,5,40,15
2016-12-21,96,42,4,30,19
2016-12-22,94,32,6,40,8
2016-12-23,167,59,2,60,38
2016-12-24,195,76,6,59,46
2016-12-26,107,43,2,27,27
2016-12-27,144,110,7,10,17
2016-12-28,218,172,12,7,23
2016-12-29,229,172,3,29,19
2016-12-30,236,171,18,2,42
2016-12-31,214,182,3,3,22
2017-01-02,120,86,4,6,18
2017-01-03,195,157,2,4,27
2017-01-04,186,122,2,38,18
2017-01-05,292,220,3,52,14
2017-01-06,93,76,2,10,5
2017-01-07,304,189,9,62,36
2017-01-08,149,87,5,39,16
2017-01-09,231,156,5,39,26
2017-01-10,139,97,2,22,16
2017-01-11,171,112,7,39,7
2017-01-12,194,147,7,13,23
2017-01-13,209,147,7,33,20
2017-01-14,299,202,8,42,40
2017-01-15,122,88,1,17,13
2017-01-16,195,147,6,27,13
2017-01-17,159,102,5,30,18
2017-01-18,168,126,5,30,4
2017-01-19,131,85,6,22,10
2017-01-20,228,161,4,33,26
2017-01-21,379,262,13,51,45
2017-01-22,120,85,1,20,13
2017-01-23,125,87,7,18,12
2017-01-24,138,85,2,28,16
2017-01-25,111,86,2,6,5
2017-01-26,117,54,7,36,20
2017-01-27,100,52,5,23,18
2017-01-28,219,80,11,81,40
2017-01-29,70,35,3,21,10
2017-01-30,65,35,0,20,7
2017-01-31,67,30,3,19,13
2017-02-01,83,35,7,31,9
2017-02-02,99,50,4,31,11
2017-02-03,106,47,2,36,14
2017-02-04,178,55,13,71,32
2017-02-05,75,32,8,28,7
2017-02-06,111,51,6,30,23
2017-02-07,86,44,6,23,10
2017-02-08,78,39,5,17,17
2017-02-09,137,98,5,18,14
2017-02-10,193,119,3,40,31
2017-02-11,288,185,5,64,28
2017-02-12,94,55,2,27,7
2017-02-13,89,45,6,24,14
2017-02-14,184,98,5,56,19
2017-02-15,125,90,10,12,7
2017-02-16,138,98,5,21,14
2017-02-17,216,146,3,26,41
2017-02-18,233,150,5,43,35
2017-02-19,100,55,5,31,9
2017-02-20,130,87,7,26,10
2017-02-21,131,87,4,30,10
2017-02-22,123,81,3,28,11
2017-02-23,139,96,4,8,30
2017-02-24,166,96,7,18,41
2017-02-25,281,195,5,43,32
2017-02-26,94,62,0,19,13
2017-02-27,121,81,5,18,15
2017-02-28,133,63,22,25,22
2017-03-01,135,84,2,29,18
2017-03-02,180,138,5,24,13
2017-03-03,187,140,3,23,17
2017-03-04,295,196,7,47,38
2017-03-05,111,64,0,28,16
2017-03-06,169,122,10,27,4
2017-03-07,138,106,7,7,13
2017-03-08,124,75,1,25,19
2017-03-09,141,107,9,24,0
2017-03-10,134,97,4,29,0
2017-03-11,239,187,8,41,0
2017-03-12,69,49,4,12,0
2017-03-13,117,97,1,19,0
2017-03-14,103,94,2,1,0
2017-03-15,97,70,2,22,0
2017-03-16,140,121,2,15,0
2017-03-17,152,128,7,16,0
2017-03-18,272,220,8,39,0
2017-03-19,140,83,7,21,28
2017-03-20,176,100,15,26,30
2017-03-21,124,71,7,26,17
2017-03-22,136,101,5,19,6
2017-03-23,134,111,3,7,8
2017-03-24,144,118,4,10,9
2017-03-25,218,163,4,10,37
2017-03-26,93,62,6,0,22
2017-03-27,137,64,1,7,57
2017-03-28,119,97,3,1,13
2017-03-29,94,80,5,5,4
2017-03-30,128,90,4,10,19
2017-03-31,143,112,10,2,18
2017-04-01,207,150,2,12,36
2017-04-02,92,71,0,8,10
2017-04-03,120,82,11,4,22
2017-04-04,114,83,5,5,9
2017-04-05,145,110,3,10,20
2017-04-06,56,26,2,17,11
2017-04-07,106,54,5,18,26
2017-04-08,135,60,1,38,29
2017-04-09,63,23,1,19,15
2017-04-10,86,43,3,20,13
2017-04-11,84,45,3,18,13
2017-04-12,74,41,5,12,10
2017-04-13,89,49,3,19,15
2017-04-14,154,36,5,69,39
2017-04-15,150,66,4,50,23
2017-04-17,76,29,1,31,9
2017-04-18,145,86,2,18,35
2017-04-19,156,101,2,20,23
2017-04-20,175,129,1,20,24
2017-04-21,183,130,2,33,13
2017-04-22,260,176,1,49,22
2017-04-23,126,88,0,21,12
2017-04-24,203,138,3,40,20
2017-04-25,118,81,6,16,13
2017-04-26,140,96,1,21,17
2017-04-27,135,85,2,15,32
2017-04-28,238,158,2,36,40
2017-04-29,260,188,2,41,23
2017-04-30,159,104,2,26,19
2017-05-01,173,115,0,40,16
2017-05-02,194,109,1,48,34
2017-05-03,160,82,4,27,39
2017-05-04,144,96,4,25,18
2017-05-05,184,97,4,28,52
2017-05-06,221,130,6,59,21
2017-05-07,96,48,5,27,14
2017-05-08,109,75,6,11,15
2017-05-09,187,100,4,31,45
2017-05-10,106,75,4,14,13
2017-05-11,111,75,1,16,13
2017-05-12,159,113,1,26,15
2017-05-13,252,165,4,43,36
2017-05-14,69,33,6,20,9
2017-05-15,114,70,10,19,11
2017-05-16,119,78,0,8,30
2017-05-17,137,80,6,47,3
2017-05-18,111,93,2,2,10
2017-05-19,159,124,7,1,24
2017-05-20,201,146,7,7,33
2017-05-21,58,47,1,2,7
2017-05-22,88,72,4,2,9
2017-05-23,97,71,1,0,25
2017-05-24,118,90,7,0,12
2017-05-25,102,82,1,0,13
2017-05-26,178,119,5,4,40
2017-05-27,220,175,13,2,26
2017-05-28,65,53,2,1,8
2017-05-29,76,55,6,1,12
2017-05-30,97,63,2,5,25
2017-05-31,98,65,2,3,24
2017-06-01,126,103,3,17,0
2017-06-02,102,86,1,14,0
2017-06-03,157,131,1,20,0
2017-06-04,59,47,1,8,0
2017-06-05,103,73,4,17,1
2017-06-06,91,72,3,12,0
2017-06-07,97,85,1,6,0
2017-06-08,85,68,0,13,0
2017-06-09,121,103,1,14,0
2017-06-10,178,143,8,23,0
2017-06-11,87,66,1,18,0
2017-06-12,119,107,2,8,0
2017-06-13,148,114,1,23,0
2017-06-14,120,88,9,17,0
2017-06-15,90,54,1,28,7
2017-06-16,123,100,1,12,10
2017-06-17,156,112,1,29,14
2017-06-18,79,45,0,24,10
2017-06-19,89,52,1,24,12
2017-06-20,79,43,0,31,5
2017-06-21,121,97,0,16,8
2017-06-22,105,68,1,31,5
2017-06-23,156,115,1,28,12
2017-06-24,156,104,0,29,23
2017-06-25,106,81,2,11,12
2017-06-26,104,53,0,14,25
2017-06-27,141,100,0,23,4
2017-06-28,100,66,2,12,17
2017-06-29,101,86,3,9,3
2017-06-30,174,132,4,13,24
2017-07-01,194,148,12,4,30
2017-07-02,115,98,2,5,10
2017-07-03,201,77,91,7,16
2017-07-04,143,115,4,8,14
2017-07-05,87,54,3,9,16
2017-07-06,127,90,2,17,14
2017-07-07,144,115,1,3,22
2017-07-08,185,164,5,1,9
2017-07-09,60,47,0,2,11
2017-07-10,109,80,3,14,12
2017-07-11,88,73,5,5,5
2017-07-12,117,96,4,5,12
2017-07-13,38,15,1,13,9
2017-07-14,51,23,0,13,15
2017-07-15,80,19,2,31,28
2017-07-16,59,11,0,32,16
2017-07-17,38,7,0,12,19
2017-07-18,71,30,0,30,11
2017-07-19,33,9,1,14,9
2017-07-20,47,24,0,16,7
2017-07-21,64,23,0,20,21
2017-07-22,73,29,0,29,15
2017-07-23,43,12,0,20,11
2017-07-24,49,12,2,21,14
2017-07-25,49,16,0,21,12
2017-07-26,53,17,0,21,15
2017-07-27,114,85,2,7,20
2017-07-28,132,101,7,8,16
2017-07-29,213,171,6,6,30
2017-07-30,74,55,2,3,14
2017-07-31,125,116,1,1,7
2017-08-01,131,107,0,9,15
2017-08-02,75,63,3,2,7
2017-08-03,134,86,2,32,14
2017-08-04,110,85,2,11,10
2017-08-05,144,125,4,1,9
2017-08-06,41,37,1,0,3
2017-08-07,99,79,4,2,12
2017-08-08,81,58,2,4,13
2017-08-09,64,56,1,4,2
2017-08-10,82,58,0,14,10
2017-08-11,151,105,0,24,22
2017-08-12,96,68,7,15,6
2017-08-13,61,43,0,11,7
2017-08-14,127,70,14,26,17
2017-08-15,50,29,1,10,10
2017-08-16,114,74,0,24,16
2017-08-17,96,75,1,13,7
2017-08-18,110,87,2,12,9
2017-08-19,129,99,3,18,9
2017-08-20,88,50,0,29,9
2017-08-21,125,89,4,18,14
2017-08-22,87,59,4,15,9
2017-08-23,75,50,0,15,10
2017-08-24,75,65,0,8,0
2017-08-25,140,114,1,18,0
2017-08-26,142,113,2,24,0
2017-08-27,115,82,5,28,0
2017-08-28,108,82,4,20,0
2017-08-29,138,104,9,23,0
2017-08-30,105,83,2,17,0
2017-08-31,100,88,2,10,0
2017-09-01,168,131,2,27,0
2017-09-02,230,188,11,27,1
2017-09-03,121,91,1,23,0
2017-09-04,119,107,3,2,0
2017-09-05,73,64,1,4,0
2017-09-06,123,118,1,3,0
2017-09-07,123,105,2,11,4
2017-09-08,209,174,1,4,30
2017-09-09,240,192,5,8,30
2017-09-10,100,70,4,7,15
2017-09-11,148,105,17,6,14
2017-09-12,139,115,1,11,12
2017-09-13,78,69,2,3,4
2017-09-14,119,95,2,10,12
2017-09-15,133,107,3,4,19
2017-09-16,197,148,4,11,34
2017-09-17,98,74,2,5,17
2017-09-18,101,84,4,13,0
2017-09-19,115,95,4,16,0
2017-09-20,155,132,3,18,2
2017-09-21,74,50,0,18,2
2017-09-22,130,83,11,24,3
2017-09-23,165,102,5,40,0
2017-09-24,102,63,4,23,4
2017-09-25,106,55,6,33,2
2017-09-26,78,54,3,11,1
2017-09-27,78,47,5,9,1
2017-09-28,87,49,4,22,3
2017-09-29,78,51,3,17,1
2017-09-30,130,89,2,33,1
2017-10-01,80,47,2,26,5
2017-10-02,71,50,5,13,3
2017-10-03,69,47,3,16,0
2017-10-04,56,38,1,15,0
2017-10-05,112,85,0,15,0
2017-10-06,161,132,4,16,7
2017-10-07,266,206,6,43,2
2017-10-08,123,98,4,19,2
2017-10-09,166,112,9,17,27
2017-10-10,129,99,1,10,16
2017-10-11,210,106,5,8,91
2017-10-12,112,97,4,3,7
2017-10-13,164,128,1,11,20
2017-10-14,176,135,6,7,19
2017-10-15,135,97,3,8,14
2017-10-16,108,83,7,2,15
2017-10-17,120,91,1,9,11
2017-10-18,127,107,6,4,6
2017-10-19,133,109,1,21,0
2017-10-20,162,124,2,25,0
2017-10-21,203,168,2,28,0
2017-10-22,94,75,2,16,0
2017-10-23,94,81,5,8,0
2017-10-24,95,81,0,13,1
2017-10-25,100,83,2,14,0
2017-10-26,122,102,1,19,0
2017-10-27,178,141,0,37,0
2017-10-28,258,209,6,43,0
2017-10-29,99,82,4,10,2
2017-10-30,104,94,1,3,1
2017-10-31,146,128,10,0,1
2017-11-01,108,100,5,2,0
2017-11-02,54,30,4,12,6
2017-11-03,85,43,5,3,25
2017-11-04,78,46,7,4,19
2017-11-05,67,32,4,4,25
2017-11-06,60,28,7,4,17
2017-11-07,63,42,6,3,9
2017-11-08,51,26,9,2,11
2017-11-09,53,27,3,5,16
2017-11-10,88,53,4,4,23
2017-11-11,114,70,8,6,21
2017-11-12,42,22,1,4,13
2017-11-13,106,27,12,34,33
2017-11-14,106,55,6,10,31
2017-11-15,79,33,3,23,12
2017-11-16,96,84,3,9,0
2017-11-17,146,124,9,13,0
2017-11-18,215,186,5,24,0
2017-11-19,80,60,4,16,0
2017-11-20,100,87,6,7,0
2017-11-21,107,89,2,16,0
2017-11-22,64,55,2,7,0
2017-11-23,47,35,3,9,0
2017-11-24,129,105,5,19,0
2017-11-25,197,164,8,25,0
2017-11-26,136,81,3,40,12
2017-11-27,121,82,11,16,10
2017-11-28,162,131,8,12,7
2017-11-29,139,115,3,13,7
2017-11-30,145,107,1,18,12
2017-12-01,215,168,2,25,20
2017-12-02,303,238,6,40,11
2017-12-03,121,100,2,12,6
2017-12-04,158,110,8,23,13
2017-12-05,167,109,8,26,16
2017-12-06,182,125,2,34,19
2017-12-07,178,129,5,24,18
2017-12-08,180,113,3,42,17
2017-12-09,238,173,2,34,29
2017-12-10,148,116,6,14,10
2017-12-11,63,21,6,28,1
2017-12-12,59,30,5,18,0
2017-12-13,62,39,1,20,0
2017-12-14,69,37,6,20,1
2017-12-15,63,32,7,15,8
2017-12-16,111,56,5,38,0
2017-12-17,54,21,3,28,0
2017-12-18,64,20,9,34,0
2017-12-19,65,26,1,30,1
2017-12-20,78,36,2,34,0
2017-12-21,78,38,5,32,0
2017-12-22,85,45,7,32,0
2017-12-23,104,48,4,46,2
2017-12-24,107,29,7,63,3
2017-12-26,54,22,1,28,0
2017-12-27,141,112,7,19,0
2017-12-28,156,131,3,20,1
2017-12-29,213,184,2,26,0
2017-12-30,305,248,2,48,1
2017-12-31,152,125,7,17,0
2018-01-02,166,119,5,18,22
2018-01-03,162,119,1,29,12
2018-01-04,121,104,2,3,8
2018-01-05,186,144,5,3,31
2018-01-06,129,100,6,0,21
2018-01-07,66,51,2,2,10
2018-01-08,191,160,7,9,11
2018-01-09,125,102,1,1,18
2018-01-10,152,118,4,10,18
2018-01-11,132,89,2,26,14
2018-01-12,228,169,5,24,27
2018-01-13,264,188,8,34,28
2018-01-14,135,84,8,29,13
2018-01-15,177,111,11,30,20
2018-01-16,140,103,2,10,22
2018-01-17,122,89,2,8,14
2018-01-18,162,96,4,43,19
2018-01-19,191,137,7,28,14
2018-01-20,282,214,6,34,21
2018-01-21,98,63,2,22,7
2018-01-22,132,86,5,29,12
2018-01-23,107,73,4,19,11
2018-01-24,147,88,4,25,20
2018-01-25,101,51,1,31,14
2018-01-26,97,37,1,37,20
2018-01-27,149,56,11,57,20
2018-01-28,78,33,6,24,13
2018-01-29,76,35,6,22,10
2018-01-30,78,42,3,25,3
2018-01-31,98,54,3,30,10
2018-02-01,115,53,3,30,23
2018-02-02,126,51,5,52,17
2018-02-03,196,81,10,51,49
2018-02-04,130,46,8,29,47
2018-02-05,87,51,11,16,7
2018-02-06,62,26,7,17,12
2018-02-07,114,39,3,28,44
2018-02-08,91,63,5,17,0
2018-02-09,166,140,3,22,0
2018-02-10,238,178,14,41,0
2018-02-11,95,59,1,32,0
2018-02-12,119,101,1,17,0
2018-02-13,83,73,4,6,0
2018-02-14,110,85,6,13,0
2018-02-15,119,96,0,23,0
2018-02-16,152,122,5,25,0
2018-02-17,165,127,7,31,0
2018-02-18,179,66,3,25,85
2018-02-19,195,91,9,28,67
2018-02-20,168,84,1,33,50
2018-02-21,119,81,4,23,11
2018-02-22,136,96,0,26,10
2018-02-23,215,154,0,37,20
2018-02-24,236,147,6,43,37
2018-02-25,119,85,2,15,11
2018-02-26,113,88,2,15,3
2018-02-27,140,101,2,21,5
2018-02-28,121,92,5,20,4
2018-03-01,86,63,1,20,2
2018-03-02,189,132,6,36,15
2018-03-03,239,177,5,44,13
2018-03-04,107,72,5,22,8
2018-03-05,120,78,7,20,15
2018-03-06,99,61,1,29,8
2018-03-07,105,79,5,16,5
2018-03-08,119,76,4,30,9
2018-03-09,185,109,7,49,16
2018-03-10,262,156,8,63,30
2018-03-11,111,73,0,21,15
2018-03-12,119,72,8,28,5
2018-03-13,120,69,0,36,10
2018-03-14,128,80,4,31,8
2018-03-15,152,78,1,26,44
2018-03-16,256,152,4,45,54
2018-03-17,246,146,1,51,35
2018-03-18,136,94,4,20,15
2018-03-19,106,80,1,18,4
2018-03-20,134,84,0,16,31
2018-03-21,120,87,3,22,5
2018-03-22,80,41,2,17,16
2018-03-23,110,41,5,41,21
2018-03-24,153,62,7,45,29
2018-03-25,69,33,3,21,8
2018-03-26,73,29,11,24,8
2018-03-27,128,40,6,51,29
2018-03-28,110,48,3,42,14
2018-03-29,97,24,4,45,24
2018-03-30,123,50,7,31,27
2018-03-31,174,56,11,50,40
2018-04-02,50,19,0,17,9
2018-04-03,130,107,3,9,11
2018-04-04,113,82,2,13,16
2018-04-05,140,83,0,45,12
2018-04-06,188,130,4,29,25
2018-04-07,288,195,7,51,35
2018-04-08,107,70,4,28,5
2018-04-09,104,64,7,21,12
2018-04-10,112,88,6,10,8
2018-04-11,123,103,2,7,11
2018-04-12,129,99,2,21,7
2018-04-13,162,101,6,39,16
2018-04-14,210,142,2,41,25
2018-04-15,122,75,2,34,11
2018-04-16,120,90,1,15,14
2018-04-17,83,53,1,15,14
2018-04-18,134,102,4,18,10
2018-04-19,123,97,2,8,11
2018-04-20,183,146,0,10,24
2018-04-21,207,164,6,12,24
2018-04-22,108,89,5,7,7
2018-04-23,98,82,8,4,4
2018-04-24,86,64,5,4,12
2018-04-26,129,108,3,5,11
2018-04-27,116,86,7,6,10
2018-04-28,136,110,3,5,17
2018-04-29,155,110,6,12,22
2018-04-30,92,60,6,6,17
2018-05-02,118,86,11,6,12
2018-05-03,101,80,7,6,6
2018-05-04,122,91,3,7,21
2018-05-05,101,49,5,8,34
2018-05-06,81,39,4,28,9
2018-05-07,87,34,12,30,11
2018-05-08,64,20,4,25,7
2018-05-09,59,32,3,11,13
2018-05-10,65,33,1,15,15
2018-05-11,73,26,8,24,12
2018-05-12,102,45,3,33,13
2018-05-13,77,39,3,24,8
2018-05-14,94,38,3,27,20
2018-05-15,76,33,6,22,13
2018-05-16,82,35,4,23,17
2018-05-17,66,36,5,14,9
2018-05-18,125,64,5,32,23
2018-05-19,163,104,8,27,20
2018-05-20,175,128,3,31,12
2018-05-21,168,120,8,21,18
2018-05-22,116,88,6,21,1
2018-05-23,134,101,4,17,8
2018-05-24,131,95,3,13,14
2018-05-25,154,109,0,25,18
2018-05-26,178,125,1,32,14
2018-05-27,144,106,4,17,16
2018-05-28,181,137,6,19,12
2018-05-29,137,81,4,38,12
2018-05-30,141,107,0,14,15
2018-05-31,165,106,2,8,47
2018-06-01,172,77,2,41,47
2018-06-03,151,106,4,24,14
2018-06-04,213,155,6,29,17
2018-06-05,194,132,3,31,22
2018-06-06,151,116,0,18,13
2018-06-07,126,80,11,16,18
2018-06-08,183,112,4,38,26
2018-06-09,170,109,3,30,22
2018-06-10,126,92,4,25,5
2018-06-11,169,140,4,16,9
2018-06-12,203,133,8,42,20
2018-06-13,146,99,2,19,21
2018-06-14,166,104,4,36,18
2018-06-15,176,126,0,30,8
2018-06-16,151,99,7,24,20
2018-06-17,138,100,1,18,19
2018-06-18,141,89,8,22,22
2018-06-19,128,87,2,18,21
2018-06-20,124,96,6,12,10
2018-06-21,126,89,5,17,15
2018-06-22,124,90,4,13,17
2018-06-23,121,94,6,16,5
2018-06-24,94,72,0,14,8
2018-06-25,141,109,2,15,15
2018-06-26,155,128,2,12,13
2018-06-27,146,89,5,21,22
2018-06-28,132,88,0,29,8
2018-06-29,145,102,1,19,12
2018-06-30,143,90,0,33,16
2018-07-01,143,103,1,30,6
2018-07-02,153,118,1,21,12
2018-07-03,153,107,3,23,9
2018-07-04,121,83,1,20,14
2018-07-05,117,82,1,18,9
2018-07-06,132,77,2,30,17
2018-07-07,160,109,3,30,14
2018-07-08,155,113,0,25,16
2018-07-09,151,117,1,15,14
2018-07-10,183,132,2,31,15
2018-07-11,108,84,4,11,6
2018-07-12,121,78,3,21,14
2018-07-13,123,90,3,12,17
2018-07-14,127,67,2,34,22
2018-07-15,60,30,2,6,21
2018-07-16,51,12,0,20,18
2018-07-17,66,23,1,23,18
2018-07-18,85,28,3,35,18
2018-07-19,55,11,0,27,15
2018-07-20,89,19,3,40,27
2018-07-21,74,16,1,38,12
2018-07-22,47,18,1,16,9
2018-07-23,66,18,2,30,16
2018-07-24,54,23,2,19,7
2018-07-25,52,10,0,30,10
2018-07-26,66,18,1,27,19
2018-07-27,89,29,0,47,12
2018-07-28,99,57,0,33,8
2018-07-29,133,90,3,12,25
2018-07-30,112,90,0,7,10
2018-07-31,119,92,0,12,12
2018-08-01,142,100,1,9,27
2018-08-02,134,96,1,6,28
2018-08-03,117,97,4,5,6
2018-08-04,124,93,1,13,12
2018-08-05,98,85,0,2,11
2018-08-06,103,71,1,7,16
2018-08-07,123,100,2,13,5
2018-08-08,96,70,2,10,14
2018-08-09,106,93,0,1,7
2018-08-10,94,71,0,10,10
2018-08-11,71,44,3,11,10
2018-08-12,39,22,1,2,14
2018-08-13,34,20,3,1,10
2018-08-14,71,35,3,16,17
2018-08-16,53,32,3,6,12
2018-08-17,46,28,2,11,5
2018-08-18,61,39,2,10,10
2018-08-19,56,26,2,13,15
2018-08-20,67,31,3,14,19
2018-08-21,54,28,1,20,5
2018-08-22,79,38,1,27,13
2018-08-23,54,22,4,15,13
2018-08-24,85,52,7,15,11
2018-08-25,120,86,2,14,18
2018-08-26,80,46,5,7,22
2018-08-27,130,96,5,11,18
2018-08-28,122,85,6,4,21
2018-08-29,121,98,5,3,13
2018-08-30,128,98,8,4,16
2018-08-31,142,111,10,3,16
2018-09-01,184,138,4,10,19
2018-09-02,127,98,3,6,20
2018-09-03,124,89,8,3,24
2018-09-04,129,101,1,2,25
2018-09-05,151,135,1,5,10
2018-09-06,127,90,2,15,20
2018-09-07,147,104,2,14,27
2018-09-08,124,103,2,18,1
2018-09-09,125,92,4,24,5
2018-09-10,103,66,4,30,3
2018-09-11,113,76,6,31,0
2018-09-12,126,98,1,27,0
2018-09-13,133,109,3,21,0
2018-09-14,130,109,1,20,0
2018-09-15,138,98,4,30,0
2018-09-16,89,79,2,8,0
2018-09-17,118,109,3,6,0
2018-09-18,152,140,2,10,0
2018-09-19,135,125,7,3,0
2018-09-20,97,91,1,4,1
2018-09-21,121,99,12,4,6
2018-09-22,110,95,1,2,12
2018-09-23,61,47,0,7,7
2018-09-24,61,29,8,14,10
2018-09-25,52,23,4,17,8
2018-09-26,41,22,3,12,4
2018-09-27,42,26,0,14,1
2018-09-28,72,26,1,38,2
2018-09-29,81,39,4,31,7
2018-09-30,79,41,2,23,13
2018-10-01,73,27,9,25,12
2018-10-02,74,15,14,29,16
2018-10-03,59,19,3,21,11
2018-10-04,75,38,3,22,10
2018-10-05,87,39,1,26,19
2018-10-06,94,49,6,30,8
2018-10-07,82,35,5,26,12
2018-10-08,160,126,3,16,15
2018-10-09,192,139,7,23,23
2018-10-10,212,177,6,14,14
2018-10-11,192,152,2,26,12
2018-10-12,204,140,3,25,29
2018-10-13,163,118,2,23,18
2018-10-14,201,146,6,21,28
2018-10-15,190,125,8,30,26
2018-10-16,190,126,4,37,15
2018-10-17,173,149,4,14,6
2018-10-18,157,108,5,30,8
2018-10-19,153,99,3,32,19
2018-10-20,190,126,5,41,17
2018-10-21,152,105,1,21,17
2018-10-22,171,143,9,3,15
2018-10-23,191,162,1,12,16
2018-10-24,164,149,4,0,11
2018-10-25,136,109,2,13,8
2018-10-26,160,136,3,3,17
2018-10-27,160,112,10,12,21
2018-10-28,124,109,1,2,12
2018-10-29,140,113,4,3,20
2018-10-30,137,117,2,6,11
2018-10-31,188,154,3,6,20
2018-11-02,134,111,2,2,15
2018-11-03,139,108,3,10,17
2018-11-04,89,72,1,5,7
2018-11-05,133,108,4,8,13
2018-11-06,125,109,0,5,11
2018-11-07,159,139,5,4,11
2018-11-08,146,123,2,9,12
2018-11-09,112,78,6,17,9
2018-11-10,165,119,3,29,12
2018-11-11,119,73,3,22,17
2018-11-12,104,71,4,22,5
2018-11-13,125,72,4,27,22
2018-11-14,127,82,3,24,18
2018-11-15,170,122,5,24,19
2018-11-16,148,115,4,20,9
2018-11-17,138,83,3,36,16
2018-11-18,137,110,5,20,2
2018-11-19,140,107,7,19,7
2018-11-20,116,95,4,11,2
2018-11-21,101,86,2,11,0
2018-11-22,133,107,3,23,0
2018-11-23,117,91,1,25,0
2018-11-24,159,114,5,40,0
2018-11-25,142,120,2,18,2
2018-11-26,144,126,3,9,6
2018-11-27,126,111,1,14,0
2018-11-28,144,122,3,16,0
2018-11-29,172,128,8,26,8
2018-11-30,140,102,1,30,4
2018-12-01,167,133,8,21,4
2018-12-02,143,123,2,12,4
2018-12-03,140,118,8,8,6
2018-12-04,117,104,2,0,11
2018-12-05,118,101,0,1,16
2018-12-06,153,133,4,1,15
2018-12-07,96,79,6,3,8
2018-12-09,128,107,6,1,14
2018-12-10,132,99,4,3,26
2018-12-11,123,88,4,9,22
2018-12-12,111,93,4,0,14
2018-12-13,163,119,8,17,19
2018-12-14,136,111,7,4,14
2018-12-15,130,98,6,13,13
2018-12-16,95,80,1,4,10
2018-12-17,85,66,6,8,3
2018-12-18,102,84,4,11,0
2018-12-19,66,44,1,6,0
2018-12-20,79,49,4,20,0
2018-12-21,48,20,8,19,0
2018-12-22,77,41,9,26,0
2018-12-23,57,33,5,14,0
2018-12-24,52,25,1,18,0
2018-12-27,57,31,1,19,2
2018-12-28,52,36,1,14,1
2018-12-29,78,36,3,39,0
2018-12-30,84,65,0,19,0
2018-12-31,94,56,8,28,2
